Spiel;Genre;Minispiel;Belohnungen;
;;;;
Minecraft;Sandbox;Angeln;Items, Consumable;
The Witcher 3;Action-Adventure;Gwint;EP, Währung;
The Witcher 3;Action-Adventure;Pferderennen;EP, Währung, Items;
The Witcher 3;Action-Adventure;Faustkampf;EP, Währung, Items;
RDR 2;Action-Adventure;Poker;Währung;
RDR 2;Action-Adventure;Domino;Währung;
RDR 2;Action-Adventure;Blackjack;Währung;
RDR 2;Action-Adventure;Five Finger Fillet;Währung;
RDR 2;Action-Adventure;Angeln;Consumable;
Silent Hill 2;Survival Horror;Coin Puzzle;Story Progress, Alternatives Ende;
Silent Hill 2;Survival Horror;Zahlenkombnation;Story Progress;
Silent Hill 2;Survival Horror;Armband Puzzle;Story Progress;
Silent Hill 2;Survival Horror;X-Ray Puzzle;Story Progress;
Silent Hill 2;Survival Horror;Bücher Puzzle;Story Progress;
Silent Hill 2;Survival Horror;Generator Puzzle;Story Progress;
Silent Hill 2;Survival Horror;Gewichte Puzzle;Story Progress;
Silent Hill 2;Survival Horror;Galgen Puzzle;Story Progress;
Silent Hill 2;Survival Horror;Spiegel Rätsel;Story Progress;
Silent Hill 2;Survival Horror;Spieluhr Rätsel;Story Progress;
Genshin Impact;Open World RPG;Angeln;Consumable;
Genshin Impact;Open World RPG;Genius Invokation TCG;EP, Währung, Items;
Genshin Impact;Open World RPG;Repertoire of Myriad Melodies;Währung;
Harry Potter und der Halbblut-Prinz;Action-Adventure;Wizard Skittles;Collectibles, Items;
Harry Potter und der Halbblut-Prinz;Action-Adventure;Quidditch;Collectibles;
Harry Potter und der Halbblut-Prinz;Action-Adventure;Quidditch Variation;Collectibles;
Harry Potter und der Halbblut-Prinz;Action-Adventure;Gobstones;Collectibles, Items;
Harry Potter und der Halbblut-Prinz;Action-Adventure;Jack Stone;Collectibles, Items;
Harry Potter und der Halbblut-Prinz;Action-Adventure;Snake Pit;Collectibles, Items;
Harry Potter und der Halbblut-Prinz;Action-Adventure;Potions;Consumable;
Harry Potter und der Halbblut-Prinz;Action-Adventure;Zauberduelle;Collectibles, Consumable;
Harry Potter und der Halbblut-Prinz;Action-Adventure;Exploding Snap;Collectibles;
Harry Potter und der Halbblut-Prinz;Action-Adventure;Patience Game;Collectibles;
Harry Potter und der Halbblut-Prinz;Action-Adventure;Bavarian Rules Snap;Collectibles;
Mafia II;Action-Adventure;Lockpicking;Items, Emotionen;
The Order: 1886;Action-Adventure;Lockpicking;Story Progress;
The Order: 1886;Action-Adventure;Umkehrer/Gleichrichter TS-27 (Stromzufuhr unterbrechen);Story Progress;
The Order: 1886;Action-Adventure;Morse Code;Story Progress;
Mafia III;Action-Adventure;Lockpulling;Items;
Fallout 4;Open World RPG;Lockpicking;EP, Items;
Fallout 4;Open World RPG;Hacking;Items;
Fallout 4;Open World RPG;Pipfall;Keine;
Fallout 4;Open World RPG;Red Menace;Keine;
Fallout 4;Open World RPG;Atomic Command;Keine;
Fallout 4;Open World RPG;Zeta Invaders;Keine;
Fallout 4;Open World RPG;Grognak the Barbarian and the Ruby Ruins;Keine;
Resident Evil Biohazard;Survival Horror;Schatten Puzzle;Story Progress;
Resident Evil Biohazard;Survival Horror;"""7"" Puzzle";Upgrades;
Resident Evil Biohazard;Survival Horror;Happy Birthday Puzzle;Story Progress;
Resident Evil 2 (Remake);Survival Horror;Statue Puzzle;Story Progress;
Resident Evil 2 (Remake);Survival Horror;Electric Door Panel;Story Progress;
Resident Evil 2 (Remake);Survival Horror;Zahlenkombnation;Items, Upgrades;
Resident Evil 2 (Remake);Survival Horror;Tragbarer Tresor;Upgrades;
Resident Evil 2 (Remake);Survival Horror;Generator Switch Puzzle;Story Progress;
Resident Evil 2 (Remake);Survival Horror;Sherry Puzzle;Story Progress;
Resident Evil 2 (Remake);Survival Horror;Verteilerkatusche Puzzle;Story Progress;
Animal Crossing New Horizons;Simulation;Fischen;Consumable, Items;
Animal Crossing New Horizons;Simulation;Gruppengymnastik;Items, Emotionen;
Resident Evil Village;Survival Horror;Labyrinth Puzzle;Items;
Resident Evil Village;Survival Horror;Musik Box Puzzle;Story Progress;
Resident Evil Village;Survival Horror;Film Puzzle;Story Progress;
Resident Evil Village;Survival Horror;Schleusentor Puzzle;Story Progress;
Resident Evil Village;Survival Horror;Piano Puzzle;Story Progress;
Five Nights at Freddy's: Security Breach;Survival Horror;Princess Quest;Alternatives Ende;
Five Nights at Freddy's: Security Breach;Survival Horror;Balloon World;Keine;
Five Nights at Freddy's: Security Breach;Survival Horror;Monty Golf AR-Arcade;Keine;
Resident Evil 4 (Remake);Survival Horror;Shooting Range;Upgrades;
Resident Evil 4 (Remake);Survival Horror;Symbol Schloss Puzzle;Story Progress;
Resident Evil 4 (Remake);Survival Horror;Crystal Marble Puzzle;Story Progress;
Resident Evil 4 (Remake);Survival Horror;Lake Door Puzzle;Story Progress;
Resident Evil 4 (Remake);Survival Horror;Hexagon Puzzle;Items;
Resident Evil 4 (Remake);Survival Horror;Stained Glass Puzzle;Story Progress;
Resident Evil 4 (Remake);Survival Horror;Strom Puzzel;Story Progress;
Palia;Simulation;Angeln;Consumable, Items;
Palia;Simulation;Kochen;Consumable;
Hogwarts Legacy;Open World RPG;Accio Duell;EP;
Hogwarts Legacy;Open World RPG;Duelling Club;EP, Story Progress;
Hogwarts Legacy;Open World RPG;Broom Trials;EP, Items, Story Progress;
Hogwarts Legacy;Open World RPG;Battle Arena;EP;
Hogwarts Legacy;Open World RPG;Alohomora / Lockpicking;Story Progress, Items;
Hogwarts Legacy;Open World RPG;Ballons zerplatzen;EP, Items;
Hogwarts Legacy;Open World RPG;Merlins Prüfungen;EP, Upgrades;
God of War III;Action-Adventure;Pandoras Musik Puzzle;Story Progress;
Resident Evil 3 (Remake);Survival Horror;Schienen Puzzle;Story Progress;
Resident Evil 3 (Remake);Survival Horror;Lab Puzzle;Story Progress;
Silent Hill f;Survival Horror;Altar Rätsel;Story Progress;
Silent Hill f;Survival Horror;Zahlenkombnation;Story Progress, Upgrades;
Silent Hill f;Survival Horror;Geheimkiste Rätsel;Story Progress;
Silent Hill f;Survival Horror;Waage Rätsel;Story Progress;
Five Nights at Freddy's: Secret of the Mimic;Survival Horror;Data Diver Upgrade;Story Progress;
Five Nights at Freddy's: Secret of the Mimic;Survival Horror;Power Generator;Story Progress;
Five Nights at Freddy's: Secret of the Mimic;Survival Horror;Moon.exe;Alternatives Ende;
half life 2;First-Person Shooter;gravity gun puzzle;Ressourcen, Progression;
metal gear solid 3;Stealth;guy savage;Keine;
TLOZ Minish Cap;Action-Adventure;simons simulations;Ressourcen;
TLOZ Minish Cap;Action-Adventure;treasure chest game;Währung;
TLOZ Minish Cap;Action-Adventure;cucco wrangling;Währung;
FF VII;JRPG;arith climb;Story Progress, Kampf vermieden;
FF VII;JRPG;reactor door;Story Progress;
FF VII;JRPG;squats;Items;
FF VII;JRPG;shinra building jump;Story Progress;
FF VII;JRPG;stealth;Progression;
FF VII;JRPG;bike;Progression;
FF VII;JRPG;strategy fort condor;Ressourcen;
FF VII;JRPG;cpr;Progression;
FF VII;JRPG;parade;Ressourcen;
FF VII;JRPG;fall;Ressourcen;
FF VII;JRPG;chocobo racing;Ressourcen, Progression;
FF VII;JRPG;arm wrestling;Währung;
FF VII;JRPG;basketball;Währung;
FF VII;JRPG;mog house;Währung;
FF VII;JRPG;wonder catcher;Währung;
FF VII;JRPG;3d battler;Währung;
FF VII;JRPG;shooting coaster;Währung;
FF VII;JRPG;clock puzzle;Ressourcen;
FF VII;JRPG;excavation;Ressourcen, Währung, Progression;
FF VII;JRPG;snowboarding;Keine;
FF VII;JRPG;glacier plattforming;Keine;
FF VII;JRPG;temperatur;Progression;
FF VII;JRPG;whirlwind maze ;Progression;
FF VII;JRPG;submarine game;Progression;
bioshock;First-Person Shooter;  hacking;Ressourcen, Währung;
mass effect 1;Action-RPG;bypass;Währung, Ressourcen;
mass effect 1;Action-RPG;override;Währung, Ressourcen, Story Progress;
mass effect 1;Action-RPG;pressure puzzle;Progression;
mass effect 1;Action-RPG;cure puzzle;Progression;
Persona 4;JRPG;fishing;Ressourcen;
persona 3 portable;JRPG;shuffle time;Items;
bioshock 2;First-Person Shooter;hacking;Gameplay Effect;
skyrim;Open World RPG;lockpicking;Währung, Ressourcen;
witcher 2;Action-RPG;am wrestling;Währung;
witcher 2;Action-RPG;fistfights;Währung;
witcher 2;Action-RPG;dice;Währung;
bowsers inside Story Progress;RPG;bowser muscles;Progression;
bowsers inside Story Progress;RPG;carrot eating;Progression;
bowsers inside Story Progress;RPG;sneezing;Progression;
bowsers inside Story Progress;RPG;adrenaline;Progression;
bowsers inside Story Progress;RPG;chest station;Progression;
bowsers inside Story Progress;RPG;statue push;Progression;
mass effect 2;Action-RPG;bypass;Ressourcen, Währung;
mass effect 2;Action-RPG;planet scan;Ressourcen;
bioshock infinite;First-Person Shooter;shooting gallery;Währung;
TLOZ a link between worlds;Action-Adventure;cucco ranch;Währung, Ressourcen;
TLOZ a link between worlds;Action-Adventure;fortunes choice;Währung, Ressourcen;
TLOZ a link between worlds;Action-Adventure;hyrule hotfoot;Währung, Ressourcen;
TLOZ a link between worlds;Action-Adventure;octoball derby;Währung, Ressourcen;
Nier automata;Action-RPG;hacking;Keine;
Nier automata;Action-RPG;shoot em up;Progression;
fire emblem three houses;Action-RPG;fishing;Währung, Ressourcen;
fire emblem three houses;Tactical RPG;gardening;Ressourcen;
Persona 5 royal;RPG;batting cage;Ressourcen, Stats;
Persona 5 royal;RPG;crossword puzzles;Stats;
Persona 5 royal;RPG;darts;Stats, Charakter Punkte;
Persona 5 royal;RPG;fishing;Stats, Währung;
Persona 5 royal;RPG;quiz show;Stats;
Persona 5 royal;RPG;video games;Stats;
super mario 3d world;Jump-'n'-Run;captain toads adventure;Ressourcen;
chained echoes;JRPG;fishing;Ressourcen;
chained echoes;JRPG;rock paper scissor;Währung;
chained echoes;JRPG;dapple devour;Währung;
chained echoes;JRPG;tumultuous turtle touchdown;Währung;
paper mario the thousand year door;RPG;matching game;Währung;
paper mario the thousand year door;RPG;plane game;Währung;
paper mario the thousand year door;RPG;paper game;Währung;
paper mario the thousand year door;RPG;tube game;Währung;
paper mario the thousand year door;RPG;boat game;Währung;
